{
    "accuracy": 98.83551673944687,
    "wer": 0.46960560060996737,
    "bleu": {
        "1": 99.550497762365,
        "2": 98.1692146323025,
        "3": 93.86169236293541,
        "4": 71.44237361158228
    }
}