{
    "Our Method": {
        "Accuracy": 98.83551673944687,
        "WER": 0.46960560060996737,
        "BLEU-1": 99.550497762365,
        "BLEU-2": 98.1692146323025,
        "BLEU-3": 93.86169236293541,
        "BLEU-4": 71.44237361158228
    },
    "Baseline: FC-LSTM": {
        "Accuracy": 0.2911208151382824,
        "WER": 85.29805226311774,
        "BLEU-1": 17.96899266222482,
        "BLEU-2": 5.921863400860648,
        "BLEU-3": 0.3789295453637511,
        "BLEU-4": 0.07969698013201533
    },
    "ST-GCN + LSTM": {
        "Accuracy": 1.0189228529839884,
        "WER": 84.76467734109654,
        "BLEU-1": 17.7296871565345,
        "BLEU-2": 5.803588001251043,
        "BLEU-3": 0.5822416302765648,
        "BLEU-4": 0.0
    },
    "ST-GCN + Bi-LSTM": {
        "Accuracy": 3.7845705967976713,
        "WER": 73.6313855964511,
        "BLEU-1": 24.758303215087533,
        "BLEU-2": 10.675670952562506,
        "BLEU-3": 4.811659355934583,
        "BLEU-4": 1.493868457278372
    },
    "ST-GCN + Bi-GRU": {
        "Accuracy": 58.806404657933044,
        "WER": 20.702328966521105,
        "BLEU-1": 78.9064721817328,
        "BLEU-2": 71.20418498011416,
        "BLEU-3": 60.23928135124842,
        "BLEU-4": 37.09584582226633
    },
    "ST-GCN + Bi-Attn-LSTM": {
        "Accuracy": 12.22707423580786,
        "WER": 57.46360989810771,
        "BLEU-1": 44.48901169476938,
        "BLEU-2": 27.05618139462249,
        "BLEU-3": 15.21893308668596,
        "BLEU-4": 5.364683361533879
    },
    "CNN1D + LSTM": {
        "Accuracy": 0.727802037845706,
        "WER": 86.00159423303528,
        "BLEU-1": 17.07237311145267,
        "BLEU-2": 5.049055433474912,
        "BLEU-3": 0.0,
        "BLEU-4": 0.0
    },
    "ST-GCN + GRU": {
        "Accuracy": 1.0189228529839884,
        "WER": 84.77542108546481,
        "BLEU-1": 16.382013373922252,
        "BLEU-2": 4.454594549487197,
        "BLEU-3": 0.6608808380054988,
        "BLEU-4": 0.0
    },
    "ST-GCN + Attn-LSTM": {
        "Accuracy": 4.8034934497816595,
        "WER": 74.99098911762671,
        "BLEU-1": 23.23685237384507,
        "BLEU-2": 11.372353480347366,
        "BLEU-3": 5.372252909278673,
        "BLEU-4": 0.35987868307729476
    }
}