{
    "1": {
        "val": {
            "BLEU-1": 98.96939417709798,
            "BLEU-2": 97.27209880211072,
            "BLEU-3": 92.38950267062997,
            "BLEU-4": 69.48666250642599
        },
        "test": {
            "BLEU-1": 98.96939417709798,
            "BLEU-2": 97.27209880211072,
            "BLEU-3": 92.38950267062997,
            "BLEU-4": 69.48666250642599
        }
    },
    "2": {
        "val": {
            "BLEU-1": 98.37075996235419,
            "BLEU-2": 96.40126268987478,
            "BLEU-3": 91.03147358435616,
            "BLEU-4": 67.7910714991259
        },
        "test": {
            "BLEU-1": 98.37075996235419,
            "BLEU-2": 96.40126268987478,
            "BLEU-3": 91.03147358435616,
            "BLEU-4": 67.7910714991259
        }
    },
    "3": {
        "val": {
            "BLEU-1": 98.57317261956952,
            "BLEU-2": 96.88010033529515,
            "BLEU-3": 92.23888807154586,
            "BLEU-4": 68.45032818459511
        },
        "test": {
            "BLEU-1": 98.57317261956952,
            "BLEU-2": 96.88010033529515,
            "BLEU-3": 92.23888807154586,
            "BLEU-4": 68.45032818459511
        }
    },
    "4": {
        "val": {
            "BLEU-1": 98.36613493597241,
            "BLEU-2": 96.3530962944156,
            "BLEU-3": 91.02810286000306,
            "BLEU-4": 66.86914355635163
        },
        "test": {
            "BLEU-1": 98.36613493597241,
            "BLEU-2": 96.3530962944156,
            "BLEU-3": 91.02810286000306,
            "BLEU-4": 66.86914355635163
        }
    },
    "5": {
        "val": {
            "BLEU-1": 98.26766931908624,
            "BLEU-2": 96.47240646052794,
            "BLEU-3": 91.45733664352672,
            "BLEU-4": 67.66365260617205
        },
        "test": {
            "BLEU-1": 98.26766931908624,
            "BLEU-2": 96.47240646052794,
            "BLEU-3": 91.45733664352672,
            "BLEU-4": 67.66365260617205
        }
    }
}